nodo_id,artista,grado_total,grado_entrada,grado_salida,intermediacion,cercania,pagerank,followers,hub_score,authority_score,comunidad
2wkoKEfS6dXwThbyTnZWFU,Mau y Ricky,31,1,30,0.035078267636407166,0.34065934065934067,0.0038600234797780573,6766742.0,0.23915652726989395,0.0018068497879448525,13
1DxLCyH42yaHKGK3cl5bvG,Maria Becerra,23,8,15,0.05284437261181445,0.4492753623188406,0.005588527553598376,7541436.0,0.04975163152446823,0.03380344204113557,0
2R21vXR83lH98kGeO99Y66,Anuel AA,21,1,20,0.005342551854179761,0.31,0.0038478993775272535,40725868.0,0.08303046771271329,0.001796341754523056,7
3bvfu2KAve4lPHrhEFDZna,Lola Indigo,20,5,15,0.06441241906358185,0.5961538461538461,0.005768084022578504,1465255.0,0.07888683739241781,0.006714120323345005,0
0GgY7hjMoGDsX8ZDe2mwds,Soolking,19,10,9,0.031882214440353975,0.4696969696969697,0.009233705023504651,5863174.0,0.011777089970764995,0.00874140984055564,24
2OhUNb01gLwygOizYvTm0e,Big One,18,1,17,0.0023944209990721618,0.3163265306122449,0.003676423730746091,754757.0,0.0761484797132715,0.0030150089177201135,0
1vyhD5VmyZ7KMfW5gqLgo5,J Balvin,16,2,14,0.004594295291969711,0.0,0.0038399643888293927,37946338.0,0.053676381725078444,0.008046755474075448,7
2O8vbr4RYPpk6MRA4fio7u,SAIKO,16,5,11,0.027760318457992875,0.44285714285714284,0.005310537505783235,1597683.0,0.01549511024765996,0.005835188633740077,8
52iwsT98xCoGgiGntTiR7K,Quevedo,14,5,9,0.029952710185268325,0.44285714285714284,0.00516884654547435,5610673.0,0.02964201284373921,0.012364297525358496,7
1pi7nGhOM7PTHR5YEgXVGq,Villano Antillano,13,2,11,0.003875968992248062,0.40789473684210525,0.004003029570809926,318484.0,0.027578964778561733,0.007795646475543766,1
7vXDAI8JwjW531ouMGbfcp,TINI,13,3,10,0.003594125687148943,0.41333333333333333,0.004186855272671918,8740898.0,0.02972018325300284,0.012410336252972061,0
2GlEiSHYEKlq9cUYDa9oZb,Lynda,13,1,12,0.0039819720052278185,0.31313131313131315,0.003840386666487847,855185.0,0.0052123854686257146,0.0007263987760543206,24
0FwnPHExlRRxEZPLAi5tmG,JC Reyes,12,1,11,0.003771213073538655,0.31,0.0037701408357533146,1124794.0,0.0056827566619638515,0.0009390223827086936,8
6TKygPpVT29oGUogu4J9Ec,Yan Block,12,1,11,0.004175271617132082,0.31,0.0037701408357533146,480282.0,0.004558173939503932,0.0009390223827086936,8
0tmwSHipWxN12fsoLcFU3B,Manuel Turizo,12,4,8,0.039567807009667465,0.41333333333333333,0.004708501000801529,14732648.0,0.02981540928173162,0.0225719566392584,13
0zO8yNnw5GQgutcIyXfGBY,ELENA ROSE,12,1,11,0.003970748156794669,0.31313131313131315,0.003676423730746091,205854.0,0.025360713910667756,0.0030150089177201135,3
7qG3b048QCHVRO5Pv1T5lw,Enrique Iglesias,11,1,10,0.002761066714555087,0.31313131313131315,0.003676423730746091,11474740.0,0.050364651738049326,0.0030150089177201135,7
2CCgb0KApjfQDuTppovpf8,Rvfv,11,2,9,0.0029606017978111004,0.41333333333333333,0.004557955677923142,838564.0,0.009697632125458731,0.005494343424317406,24
07YUOmWljBTXwIseAUd9TW,Sebastian Yatra,10,3,7,0.023592529406482893,0.32978723404255317,0.004514528695532909,23664334.0,0.03925685891841281,0.01744675521191623,13
0ZCO8oVkMj897cKgFH7fRW,Los Ángeles Azules,10,1,9,0.002693723623956182,0.31313131313131315,0.003676423730746091,8143569.0,0.030585107407467716,0.0030150089177201135,0
0IEzMvarfVycBJAXjjEZOL,La Pantera,10,1,9,0.0037113525485618507,0.31,0.0038478993775272535,75647.0,0.007692252822219114,0.001796341754523056,20
64KEffDW9EtZ1y2vBYgq8T,Marshmello,10,1,9,0.0032474334799916195,0.29523809523809524,0.0038600234797780573,34113924.0,0.015166890165606088,0.0018068497879448525,14
0GOx72r5AAEKRGQFn3xqXK,GIMS,9,4,5,0.00132940249219319,0.4305555555555556,0.0059948350243831,5747998.0,0.005839719813739001,0.0067168710663535304,24
5gqmbbfjcikQBzPB5Hv13I,Gazo,9,2,7,0.001898576317180968,0.3263157894736842,0.004697689250073874,3608217.0,0.006038630935037203,0.0010827393550843294,24
6Q3ske8DX705YojfAgidez,Came Beats,9,1,8,0.0032474334799916195,0.31,0.0037701408357533146,12481.0,0.0034983746159544626,0.0009390223827086936,32
4ZPLdCBeYJBAjsLTWRcZEs,Emkal,9,2,7,0.010468608143026747,0.43661971830985913,0.0039583763247538735,95419.0,0.011986539752395569,0.005096514408269698,24
2ptKt4yP4mYRZmvi09JYyi,Timal,8,1,7,0.0020075723564095655,0.3333333333333333,0.003840386666487847,1326191.0,0.00608954024535053,0.0007263987760543206,24
6t7U7sYlVCtlMWzbecJcHd,Dhurata Dora,8,1,7,0.0027835144114213882,0.3229166666666667,0.004231349837859307,466373.0,0.005057010653940269,0.0007137058664937539,29
3zWMcT8MOIAnQMbGFmMFun,Unleaded,8,1,7,0.0017282232398511468,0.3229166666666667,0.004231349837859307,7086.0,0.006491872543124058,0.0007137058664937539,24
7eLcDZDYHXZCebtQmVFL25,Aitana,7,1,6,0.02087635808566041,0.32978723404255317,0.0038478993775272535,3196889.0,0.01892258060861518,0.001796341754523056,3
7CUFPNi1TU8RowpnFRSsZV,Niska,7,1,6,0.0014788043857811301,0.3229166666666667,0.004231349837859307,5832152.0,0.00597024888853818,0.0007137058664937539,24
4sbXXFzEWJY2zsZjelerjX,Dadju,6,2,4,0.0007278042161763091,0.3333333333333333,0.004503381161651137,7126420.0,0.008186781930862008,0.0010295827169397994,24
4ixNZvQuuzCDxBsxO9zE6L,Gonzy,6,1,5,0.0013917572057106941,0.31,0.0037701408357533146,129236.0,0.0036621811411649413,0.0009390223827086936,8
790FomKkXshlbRYZFtlgla,KAROL G,4,4,0,0.0,0.0,0.004353958058117734,54986768.0,-0.0,0.02457411602833224,7
7xNYY1Zkb1vks5m9ATlJok,Naza,4,4,0,0.0,0.0,0.00521042556280792,1714166.0,-0.0,0.0014401299388540408,24
0AqlFI0tz2DsEoJlKSIiT9,Emilia,4,4,0,0.0,0.0,0.004563337600548245,4241976.0,-0.0,0.011284272094165508,0
4az97MtWmBQ5Db3GfDh9j9,Morad,3,3,0,0.0,0.0,0.005378188297676831,3937312.0,-0.0,0.0013075306031401564,24
1SupJlEpv7RS2tPNRaHViT,Nicky Jam,3,3,0,0.0,0.0,0.004014760876570773,19521118.0,-0.0,0.020798186399996865,7
1r4hJ1h58CWwUQe3MxPuau,Maluma,3,3,0,0.0,0.0,0.004244588369307222,36101328.0,-0.0,0.010080941827701627,7
7a0XAaPaK2aDSqa8p3QnC7,Beéle,3,3,0,0.0,0.0,0.004517613850249168,1186373.0,-0.0,0.018679037019786,13
1cKyknhftNKXCjMBd2hDrG,DYSTINCT,3,3,0,0.0,0.0,0.0057630549278201585,684861.0,-0.0,0.0014610152468373108,24
5C4PDR4LnhZTbVnKWXuDKD,Morat,3,3,0,0.0,0.0,0.004544830796557379,12844385.0,-0.0,0.004484700070911467,3
329e4yvIujISKGKz1BZZbO,Farruko,2,2,0,0.0,0.0,0.003632649507792023,16421583.0,-0.0,0.019524920756985947,7
64aJYyrXljOodnUG6jvhRD,DJ Luian,2,2,0,0.0,0.0,0.004011440035610556,2267804.0,-0.0,0.006828088310878393,7
3vUMXQ9kPnZAQkMkZZ7Hfh,Tiakola,2,2,0,0.0,0.0,0.004528697798681915,2793911.0,-0.0,0.0007277526113309901,24
3YwqjMyrRfuixi2pbgTGCE,Heuss L'enfoiré,2,2,0,0.0,0.0,0.004443135055150891,1758750.0,-0.0,0.0007593636343684289,24
2T1aUibqR2QC2sINIDQOAK,Mambo Kingz,2,2,0,0.0,0.0,0.004011440035610556,478490.0,-0.0,0.006828088310878393,7
6w9ToX5slZ4uIdmD17hJ3c,Bryant Myers,2,2,0,0.0,0.0,0.003933681493836615,12222262.0,-0.0,0.005970768939064029,8
5TP8Ubo4jLKEi4Mw2O8fAk,,2,2,0,0.0,0.0,0.0038701707028240342,,-0.0,0.009395327335251943,0
60XHOAhvEBiV6BGBOv8ClM,La Joaqui,2,2,0,0.0,0.0,0.0038701707028240342,2143792.0,-0.0,0.009395327335251943,0
4q3ewBCX7sLwd24euuV69X,Bad Bunny,2,2,0,0.0,0.0,0.0037564281526781765,91452045.0,-0.0,0.008284600073178576,7
2LRoIwlKmHjgvigdNGBHNo,Feid,2,2,0,0.0,0.0,0.00400328916944998,16259606.0,-0.0,0.004191875899531932,8
2x7PC78TmgqpEIjaGAZ0Oz,Trueno,2,2,0,0.0,0.0,0.0038602494326080827,8753797.0,-0.0,0.007629698695148405,0
1vqR17Iv8VFdzure1TAXEq,LIT killah,2,2,0,0.0,0.0,0.0038602494326080827,6013957.0,-0.0,0.007629698695148405,0
0dUyjgCyjfj5eMx6bX2TWf,,2,2,0,0.0,0.0,0.0038602494326080827,,-0.0,0.007629698695148405,0
3vQ0GE3mI0dAaxIMYe5g7z,Paulo Londra,2,2,0,0.0,0.0,0.0038701707028240342,24890725.0,-0.0,0.009395327335251943,0
0TnOYISbd1XYRBk9myaseg,Pitbull,2,2,0,0.0,0.0,0.004160403070692639,11294692.0,-0.0,0.0048485004370660695,7
0ys2OFYzWYB5hRDLCsBqxt,Fuerza Regida,2,2,0,0.0,0.0,0.004224589109146433,14242094.0,-0.0,0.0027259816375384514,14
2UZIAOlrnyZmyzt1nuXr9y,Nicki Nicole,2,2,0,0.0,0.0,0.004252101013581865,8213661.0,-0.0,0.00300022564668628,3
21451j1KhjAiaYKflxBjr1,Zion & Lennox,2,2,0,0.0,0.0,0.003835783512146896,7957317.0,-0.0,0.008083905238898346,7
2cy1zPcrFcXAJTP0APWewL,Gente De Zona,2,2,0,0.0,0.0,0.003781612542874106,1658663.0,-0.0,0.017545332883173632,7
1i8SpTcr7yvPOmcqrbnVXY,Ozuna,2,2,0,0.0,0.0,0.0037564281526781765,38166951.0,-0.0,0.008284600073178576,7
28gNT5KBp7IjEOQoevXf9N,Camilo,2,2,0,0.0,0.0,0.00396939316858857,19841155.0,-0.0,0.016300023988575458,13
4vhNDa5ycK0ST968ek7kRr,Carlos Vives,2,2,0,0.0,0.0,0.004017329531369318,6517043.0,-0.0,0.016872187231841144,13
1TA5sGRlKUJXBN4ZyJuDIX,Blessd,2,2,0,0.0,0.0,0.0037564281526781765,6611135.0,-0.0,0.008284600073178576,7
5LeiVcEnsZcwc133TUhJNW,,2,2,0,0.0,0.0,0.00403357132670136,,-0.0,0.006634131981169167,0
1bAftSH8umNcGZ0uyV7LMg,Duki,2,2,0,0.0,0.0,0.0038602494326080827,12139954.0,-0.0,0.007629698695148405,0
6GRwwWAtmusrgAL5JF9Dfr,Callejero Fino,2,2,0,0.0,0.0,0.0038701707028240342,1857228.0,-0.0,0.009395327335251943,0
716NhGYqD1jl2wI1Qkgq36,Bizarrap,2,2,0,0.0,0.0,0.00415720041187155,17527200.0,-0.0,0.0034676603063168447,1
4aSlfXDn9R60UlbZEboBUy,YOVNGCHIMI,2,2,0,0.0,0.0,0.003960375173685767,1403668.0,-0.0,0.0020157004642669136,1
6GlX3FdCQrMftGfVaWcmPZ,,2,2,0,0.0,0.0,0.0040614758141965775,,-0.0,0.001215253224894541,8
7gU9VyFRN3JWPJ5oHOil60,Tayc,2,2,0,0.0,0.0,0.004588002325560359,3287734.0,-0.0,0.0008120057164278463,24
4SsVbpTthjScTS7U2hmr1X,Arcángel,2,2,0,0.0,0.0,0.004411077788328494,16450346.0,-0.0,0.001160954979903792,8
2YRyPiW98bpkARAS4B3OQP,Dei V,2,2,0,0.0,0.0,0.0040614758141965775,1723342.0,-0.0,0.0012834042951818195,8
6Te49r3A6f5BiIgBRxH7FH,Ninho,2,2,0,0.0,0.0,0.004914910206485698,10982359.0,-0.0,0.0008579331543717914,24
0vR2qb8m9WHeZ5ByCbimq2,,2,2,0,0.0,0.0,0.004017329531369318,,-0.0,0.016872187231841144,13
5Y3MV9DZ0d87NnVm56qSY1,Tiago PZK,2,2,0,0.0,0.0,0.0038602494326080827,5626325.0,-0.0,0.007629698695148405,0
3m5qlPf2OkihLz3dRYnkPA,Ovy On The Drums,2,2,0,0.0,0.0,0.0037564281526781765,852517.0,-0.0,0.008284600073178576,7
3Apb2lGmGJaBmr0TTBJvIZ,Rusherking,2,2,0,0.0,0.0,0.0038602494326080827,1858533.0,-0.0,0.007629698695148405,0
0Q8NcsJwoCbZOHHW63su5S,,2,2,0,0.0,0.0,0.004054235102267301,,-0.0,0.0024759122546078047,8
3E6xrwgnVfYCrCs0ePERDz,,2,2,0,0.0,0.0,0.003835783512146896,,-0.0,0.008083905238898346,7
0XwVARXT135rw8lyw1EeWP,Christian Nodal,1,1,0,0.0,0.0,0.003715601003099052,15622543.0,-0.0,0.001801078975671589,0
6ndLrsgT3MV5CNxIrW71fw,,1,1,0,0.0,0.0,0.003592887494594874,,-0.0,0.0032528535168232374,7
2UqRkW2wfEkZmyvKyTTv2W,Ulises Bueno,1,1,0,0.0,0.0,0.0035435648627602,1856015.0,-0.0,0.00461468977742829,0
6w3SkAHYPsQ1bxV7VDlG5y,Cazzu,1,1,0,0.0,0.0,0.003706965486637525,7560262.0,-0.0,0.0018534944233455136,0
74OaRjmyh0XyRZsQQQ5l7c,Jasleen Royal,1,1,0,0.0,0.0,0.003715601003099052,2979654.0,-0.0,0.001801078975671589,0
55ru5B05MMBunM1tvH7Di6,Valentino Merlo,1,1,0,0.0,0.0,0.0035435648627602,380583.0,-0.0,0.00461468977742829,0
06Q5VlSAku57lFzyME3HrM,Ke Personajes,1,1,0,0.0,0.0,0.0035435648627602,4204812.0,-0.0,0.00461468977742829,0
0f6U482Lbo91QNqNFH4Tat,,1,1,0,0.0,0.0,0.0036690401952425037,,-0.0,0.0016713185517937882,1
13IyCFiPKhpVejuTyNulgU,Josas,1,1,0,0.0,0.0,0.003840386666487847,29952.0,-0.0,0.0007263987760543206,24
6L34dW6SKMSDaGIfYDU19j,,1,1,0,0.0,0.0,0.0038260785731127744,,-0.0,0.00036903348859057534,24
3UTF2no3muGdiFXVujl94i,,1,1,0,0.0,0.0,0.0038600234797780573,,-0.0,0.0018068497879448525,13
2BTS8Np1YzPQuXjgdlqsBB,Emanero,1,1,0,0.0,0.0,0.0035435648627602,624799.0,-0.0,0.00461468977742829,0
5QzDzXfXC5lepOBeQXBiVO,Marciano Cantero,1,1,0,0.0,0.0,0.003592887494594874,10717.0,-0.0,0.0032528535168232374,7
5lwmRuXgjX8xIwlnauTZIP,Romeo Santos,1,1,0,0.0,0.0,0.0036722428540635933,24491217.0,-0.0,0.003052158682543015,7
7gOdHgIoIKoe4i9Tta6qdD,Jonas Brothers,1,1,0,0.0,0.0,0.0037243047902665834,7693980.0,-0.0,0.0009191318495935986,14
7j6DKwmjbxvpQO8h914uEz,Ryan Castro,1,1,0,0.0,0.0,0.003592887494594874,3711339.0,-0.0,0.0032528535168232374,7
5luyt0SUvGkDMY4ILP6Qhl,Descemer Bueno,1,1,0,0.0,0.0,0.0036722428540635933,71709.0,-0.0,0.003052158682543015,7
7FNnA9vBm6EKceENgCGRMb,Anitta,1,1,0,0.0,0.0,0.003592887494594874,12995844.0,-0.0,0.0032528535168232374,7
4RSyJzf7ef6Iu2rnLdabNq,Willy William,1,1,0,0.0,0.0,0.003592887494594874,270420.0,-0.0,0.0032528535168232374,7
source,,1,0,1,0.0,0.0,0.0033597391608982084,,-3.301206314093019e-19,-0.0,27
3tveA7l6PmZICdkhBPVvak,,1,1,0,0.0,0.0,0.003643833427412195,,-0.0,0.0015368898718991107,3
3Me35AWHCGqW4sZ7bWWJt1,,1,1,0,0.0,0.0,0.0038600234797780573,,-0.0,0.0018068497879448525,13
2gRP1Ezbtj3qrERnd0XasU,,1,1,0,0.0,0.0,0.0034691088497087203,,-0.0,0.014493174200630607,13
22P1OY4TRFRwhP0q29loQ8,,1,1,0,0.0,0.0,0.0034691088497087203,,-0.0,0.014493174200630607,13
target,,1,1,0,0.0,0.0,0.006215705118714019,,-0.0,-6.906717163943267e-19,27
4QVBYiagIaa6ZGSPMbybpy,Pedro Capó,1,1,0,0.0,0.0,0.0034691088497087203,1671004.0,-0.0,0.014493174200630607,13
69UypehHabb68utzfjAVlV,Kany García,1,1,0,0.0,0.0,0.0034691088497087203,3412188.0,-0.0,0.014493174200630607,13
3t7UqWteBBmHXkcVhMSyay,Leonel García,1,1,0,0.0,0.0,0.0034691088497087203,795641.0,-0.0,0.014493174200630607,13
2O3v9rCTzLhPFaGaAVgZLt,Río Roma,1,1,0,0.0,0.0,0.0034691088497087203,3216656.0,-0.0,0.014493174200630607,13
5BwMgvRwlq61SmknvsVIQj,Rubén Blades,1,1,0,0.0,0.0,0.0034691088497087203,1758057.0,-0.0,0.014493174200630607,13
7mLYMGXg84miYydKwi2aRi,Diego El Cigala,1,1,0,0.0,0.0,0.0034691088497087203,318443.0,-0.0,0.014493174200630607,13
3MHaV05u0io8fQbZ2XPtlC,Prince Royce,1,1,0,0.0,0.0,0.0034691088497087203,8306796.0,-0.0,0.014493174200630607,13
3zPWcnruZBNnrd22uS8UBy,Jorge Villamizar,1,1,0,0.0,0.0,0.0034691088497087203,108556.0,-0.0,0.014493174200630607,13
4obzFoKoKRHIphyHzJ35G3,Becky G,1,1,0,0.0,0.0,0.0034691088497087203,15939584.0,-0.0,0.014493174200630607,13
53KTldaJ8tHSkYU3nigfwP,Fonseca,1,1,0,0.0,0.0,0.0034691088497087203,3280537.0,-0.0,0.014493174200630607,13
23wEWD21D4TPYiJugoXmYb,Thalia,1,1,0,0.0,0.0,0.0034691088497087203,5102238.0,-0.0,0.014493174200630607,13
1EXjXQpDx2pROygh8zvHs4,Melendi,1,1,0,0.0,0.0,0.0034691088497087203,4292630.0,-0.0,0.014493174200630607,13
6LuN9FCkKOj5PcnpouEgny,Khalid,1,1,0,0.0,0.0,0.0037243047902665834,16628162.0,-0.0,0.0009191318495935986,14
6BeO1KuAWBqFriL1mLHtNc,Leslie Grace,1,1,0,0.0,0.0,0.0034691088497087203,1052367.0,-0.0,0.014493174200630607,13
4MCBfE4596Uoi2O4DtmEMz,Juice WRLD,1,1,0,0.0,0.0,0.0037243047902665834,38773697.0,-0.0,0.0009191318495935986,14
0C8ZW7ezQVs4URX5aX7Kqx,Selena Gomez,1,1,0,0.0,0.0,0.0037243047902665834,51929217.0,-0.0,0.0009191318495935986,14
0LALueHEQunQ2d61fXGeZh,Diego Torres,1,1,0,0.0,0.0,0.0034691088497087203,2297890.0,-0.0,0.014493174200630607,13
2NfSBtmWe7oPw1EmetJVso,Boza,1,1,0,0.0,0.0,0.003643833427412195,766957.0,-0.0,0.0015368898718991107,3
1zNqDE7qDGCsyzJwohVaoX,Anne-Marie,1,1,0,0.0,0.0,0.0037243047902665834,12315899.0,-0.0,0.0009191318495935986,14
7iK8PXO48WeuP03g8YR51W,Myke Towers,1,1,0,0.0,0.0,0.003907959842558806,18858914.0,-0.0,0.0023790130312105378,13
4F4pp8NUW08JuXwnoxglpN,Bad Gyal,1,1,0,0.0,0.0,0.003907959842558806,1966889.0,-0.0,0.0023790130312105378,13
0BqURncJM5B1BBu7UM51eq,Guaynaa,1,1,0,0.0,0.0,0.003907959842558806,908085.0,-0.0,0.0023790130312105378,13
66ihevNkSYNzRAl44dx6jJ,Carin Leon,1,1,0,0.0,0.0,0.0034691088497087203,15020148.0,-0.0,0.014493174200630607,13
6nVcHLIgY5pE2YCl8ubca1,JHAYCO,1,1,0,0.0,0.0,0.003592887494594874,8529211.0,-0.0,0.0032528535168232374,7
7EQ0qTo7fWT7DPxmxtSYEc,Bastille,1,1,0,0.0,0.0,0.0037243047902665834,5631725.0,-0.0,0.0009191318495935986,14
3oSJ7TBVCWMDMiYjXNiCKE,Kane Brown,1,1,0,0.0,0.0,0.0037243047902665834,5627529.0,-0.0,0.0009191318495935986,14
77ziqFxp5gaInVrF2lj4ht,Sech,1,1,0,0.0,0.0,0.003643833427412195,12093069.0,-0.0,0.0015368898718991107,3
2AbQwU2cuEGfD465wCXlg2,Rawayana,1,1,0,0.0,0.0,0.003643833427412195,905655.0,-0.0,0.0015368898718991107,3
2sU7vdIXtvChlnXIcUliVe,Servando & Florentino,1,1,0,0.0,0.0,0.003643833427412195,238394.0,-0.0,0.0015368898718991107,3
7uQ1D2NNHs5cUL3CLKRbia,LAGOS,1,1,0,0.0,0.0,0.003643833427412195,184715.0,-0.0,0.0015368898718991107,3
5H1nN1SzW0qNeUEZvuXjAj,Danny Ocean,1,1,0,0.0,0.0,0.003643833427412195,5907421.0,-0.0,0.0015368898718991107,3
5xd2Tg7Zo8755eCy8Gxkp8,Ha*Ash,1,1,0,0.0,0.0,0.003643833427412195,9013704.0,-0.0,0.0015368898718991107,3
4tm8CEdm4pkQsEh4jIr9Yp,Santa Fe Klan,1,1,0,0.0,0.0,0.003706965486637525,9787188.0,-0.0,0.0018534944233455136,0
1GAymyGBvB4gQy5Z5LZ1Wj,Lalo Ebratt,1,1,0,0.0,0.0,0.003706965486637525,1925008.0,-0.0,0.0018534944233455136,0
7arK8QUX7X61NIkChn9no2,Horacio Palencia,1,1,0,0.0,0.0,0.003706965486637525,321109.0,-0.0,0.0018534944233455136,0
3tJnB0s6c3oXPq1SCCavnd,Marco Antonio Solís,1,1,0,0.0,0.0,0.0036722428540635933,7889388.0,-0.0,0.003052158682543015,7
1hcdI2N1023RvSwLzTtdsp,Natalia Lafourcade,1,1,0,0.0,0.0,0.003706965486637525,4959592.0,-0.0,0.0018534944233455136,0
3nlpTZci9O5W8RsNoNH559,Juan Luis Guerra 4.40,1,1,0,0.0,0.0,0.0036722428540635933,5769942.0,-0.0,0.003052158682543015,7
3E12tRURRvPfHz0hAMCFYc,Omar Courtz,1,1,0,0.0,0.0,0.00352327981898151,748530.0,-0.0,0.0050317465563553335,7
22dFwJoRBV51ue5TGnC7Dt,Beny Jr,1,1,0,0.0,0.0,0.003789840235835588,1706559.0,-0.0,0.0005876882112830289,24
2IMZYfNi21MGqxopj9fWx8,Rels B,1,1,0,0.0,0.0,0.003789840235835588,9059009.0,-0.0,0.0005876882112830289,24
4VMYDCV2IEDYJArk749S6m,Daddy Yankee,1,1,0,0.0,0.0,0.00352327981898151,36592204.0,-0.0,0.0050317465563553335,7
56n1NeXsTOOxjX3Z4lVMTJ,SFDK,1,1,0,0.0,0.0,0.003723162845527768,714127.0,-0.0,0.00046615980513005335,20
2D8UzkIVdg1bj0Iqz6gjk0,ABHIR,1,1,0,0.0,0.0,0.003723162845527768,54864.0,-0.0,0.00046615980513005335,20
00vsUIEaNHw6qoQnh8DQM2,EL IMA,1,1,0,0.0,0.0,0.003723162845527768,4809.0,-0.0,0.00046615980513005335,20
5ZlyVrDhzKVvaZNj3b58fE,Lossa,1,1,0,0.0,0.0,0.004378067789672914,40382.0,-0.0,0.0003538940689161273,24
1q7T9rFQ2a2ukA1PU51fo3,Koba LaD,1,1,0,0.0,0.0,0.003958678365615378,3840075.0,-0.0,0.00036180428838999,24
78iJ2FMbYAFY3djO4PbWZi,La Mano 1.9,1,1,0,0.0,0.0,0.003958678365615378,242378.0,-0.0,0.00036180428838999,24
4eYnorQRhVHT2KBl2UyHHd,Vegedream,1,1,0,0.0,0.0,0.0036317704846900384,1922121.0,-0.0,0.00031587685044604517,24
2IoSLl3tqYMq9DzR0d6NJN,Elams,1,1,0,0.0,0.0,0.0036317704846900384,250581.0,-0.0,0.00031587685044604517,24
5Ea2kDQeQNQrIcI6tCthaQ,THABITI,1,1,0,0.0,0.0,0.0036317704846900384,73457.0,-0.0,0.00031587685044604517,24
6W5uA6CNMf3hd2j4a2XWCx,Naps,1,1,0,0.0,0.0,0.0036317704846900384,3410156.0,-0.0,0.00031587685044604517,24
791x09Ix1mNc1hGhbD7IOW,Le classico organisé,1,1,0,0.0,0.0,0.0036317704846900384,183214.0,-0.0,0.00031587685044604517,24
0GM7qgcRCORpGnfcN2tCiB,Tainy,1,1,0,0.0,0.0,0.00352327981898151,2693349.0,-0.0,0.0050317465563553335,7
6P6GTRTigHBp8ZesNtpCKH,Almighty,1,1,0,0.0,0.0,0.00352327981898151,1355428.0,-0.0,0.0050317465563553335,7
62lbdm09j0QUbWB7SqCJvt,Anonimus,1,1,0,0.0,0.0,0.00352327981898151,470794.0,-0.0,0.0050317465563553335,7
7c53ZFyajVMTo08HmvoB6b,zzoilo,1,1,0,0.0,0.0,0.0039048746878425477,109247.0,-0.0,0.0011467312233407662,3
5gOJTI4TusSENizxhcG7jB,David Bisbal,1,1,0,0.0,0.0,0.0039048746878425477,4699753.0,-0.0,0.0011467312233407662,3
5kgDdP7a4TsvkF08gpJGX0,Juseph,1,1,0,0.0,0.0,0.003723162845527768,35809.0,-0.0,0.00046615980513005335,20
52qzWdNUp6ebjcNsvgZSiC,Evaluna Montaner,1,1,0,0.0,0.0,0.0034691088497087203,913499.0,-0.0,0.014493174200630607,13
6p46LxMXeRu3FRYN4tK5Lv,SativaMusic,1,1,0,0.0,0.0,0.004378067789672914,53876.0,-0.0,0.0003538940689161273,24
4uoz4FUMvpeyGClFTTDBsD,Ricardo Montaner,1,1,0,0.0,0.0,0.0034691088497087203,6637775.0,-0.0,0.014493174200630607,13
0jeYkqwckGJoHQhhXwgzk3,Cruz Cafuné,1,1,0,0.0,0.0,0.003723162845527768,450857.0,-0.0,0.00046615980513005335,20
6RWMnZmXs8Ob715qLr4374,Aissa,1,1,0,0.0,0.0,0.003723162845527768,65828.0,-0.0,0.00046615980513005335,20
2qI59HaiEtvev8vnUkmRpT,Yll Limani,1,1,0,0.0,0.0,0.0038731156220843535,254579.0,-0.0,0.00030646094914770725,29
2z6t0UGq0WAM8X6zDeXKXj,Don Xhoni,1,1,0,0.0,0.0,0.0038731156220843535,307523.0,-0.0,0.00030646094914770725,29
2SabhGDiBSyaM6QSuBUVqB,Noizy,1,1,0,0.0,0.0,0.0038731156220843535,749860.0,-0.0,0.00030646094914770725,29
5dM0ApSI0k1TcOseiik0sY,Jugglerz,1,1,0,0.0,0.0,0.0038731156220843535,16460.0,-0.0,0.00030646094914770725,29
4uJNQGa3L2frXDxwgouTIw,Franglish,1,1,0,0.0,0.0,0.0038731156220843535,1670754.0,-0.0,0.0003934153114274294,24
3CJKkU0XuElRT1z8rEtIYg,Luciano,1,1,0,0.0,0.0,0.0038731156220843535,2387273.0,-0.0,0.00030646094914770725,29
6cA3ifwf6ueJ87ecdDPMOF,JOJO AIR,1,1,0,0.0,0.0,0.0038731156220843535,17550.0,-0.0,0.0003934153114274294,24
5adKMaYrGOMyOfnbiLPuHg,Jonna Fraser,1,1,0,0.0,0.0,0.0038731156220843535,270782.0,-0.0,0.0003934153114274294,24
7CW7QdOgRStOg7JktRuZ3E,Imen Es,1,1,0,0.0,0.0,0.0036317704846900384,1413090.0,-0.0,0.00031587685044604517,24
4d3kmfoZBTuUPSUjgP45uo,Lérica,1,1,0,0.0,0.0,0.003760324756257695,102672.0,-0.0,0.00021200572406235513,32
2tcoLkA9Hexz70Kuc1NTUl,Gradur,1,1,0,0.0,0.0,0.0038260785731127744,1919257.0,-0.0,0.00036903348859057534,24
34PYzJSu4DHKEyhdBfsn0E,TORRRES,1,1,0,0.0,0.0,0.0036510741393414713,30444.0,-0.0,0.00027623084218584773,8
17SY5q1CMOZJBRuPcKWwPI,J Abdiel,1,1,0,0.0,0.0,0.0036510741393414713,241015.0,-0.0,0.00027623084218584773,8
2f6TzIGIIxEuwp6o7kEbhy,Pablo Mas,1,1,0,0.0,0.0,0.003789840235835588,8365.0,-0.0,0.0005876882112830289,24
5dDL6ReckbbD5JBnZdobv6,Youka,1,1,0,0.0,0.0,0.003789840235835588,47468.0,-0.0,0.0005876882112830289,24
47ssTqJe23pPbwPpQ4sYHB,Wesh Music,1,1,0,0.0,0.0,0.003789840235835588,272.0,-0.0,0.0005876882112830289,24
3lY9Fxceu60W1rbon7PkuF,Omar Montes,1,1,0,0.0,0.0,0.0036510741393414713,885432.0,-0.0,0.0003443819124731239,8
0yfhOzsYbBALSbWK4DjpCh,Pedro Calderon,1,1,0,0.0,0.0,0.0036510741393414713,58206.0,-0.0,0.0003443819124731239,8
2uVpysjtU2tanrR1N9YVjE,Blacknife,1,1,0,0.0,0.0,0.0036510741393414713,5343.0,-0.0,0.0003443819124731239,8
44cW3xznP61BXbu0e7fgxn,Slayter,1,1,0,0.0,0.0,0.0036510741393414713,75948.0,-0.0,0.0003443819124731239,8
2PAyYzUdafG4mFFp6Rynsk,Raul Clyde,1,1,0,0.0,0.0,0.003760324756257695,56673.0,-0.0,0.00021200572406235513,32
3EiLUeyEcA6fbRPSHkG5kb,De La Ghetto,1,1,0,0.0,0.0,0.0036510741393414713,7536735.0,-0.0,0.0003443819124731239,8
0niAkxgT6y57bRbT0Ge94z,LiL CaKe,1,1,0,0.0,0.0,0.003760324756257695,182890.0,-0.0,0.00021200572406235513,32
50sIhX3HytFEwQXZJLUZQE,Alejo,1,1,0,0.0,0.0,0.003760324756257695,212868.0,-0.0,0.00021200572406235513,32
6gyhsZUy2fzzWZBRVPmOw4,Soto Asa,1,1,0,0.0,0.0,0.003760324756257695,229028.0,-0.0,0.00021200572406235513,32
1rTUwYS38LkQTlT2fhikch,Yung Beef,1,1,0,0.0,0.0,0.003760324756257695,601603.0,-0.0,0.00021200572406235513,32
51XrH5fQP2oIQynuKxSWcW,Sky Rompiendo,1,1,0,0.0,0.0,0.0036510741393414713,337617.0,-0.0,0.0003443819124731239,8
7ciBW1p3KBsYIkFk4UmwS8,The Rudeboyz,1,1,0,0.0,0.0,0.0036510741393414713,25709.0,-0.0,0.0003443819124731239,8
2cPqdH7XMvwaBJEVjheH8g,Jay Wheeler,1,1,0,0.0,0.0,0.0036510741393414713,4582580.0,-0.0,0.00027623084218584773,8
4s6Xg38sbqh4xpf4OqhVUK,iZaak,1,1,0,0.0,0.0,0.0036510741393414713,422898.0,-0.0,0.00027623084218584773,8
54seKvtsZauR1iauN0ptpo,De La Rose,1,1,0,0.0,0.0,0.0036510741393414713,596187.0,-0.0,0.00027623084218584773,8
1QcutbFtA6u8A2ZFTZuLSL,Panda Black,1,1,0,0.0,0.0,0.0036510741393414713,84987.0,-0.0,0.00027623084218584773,8
3AP96neoRZgep3w7wvhubP,Marconi Impara,1,1,0,0.0,0.0,0.0036510741393414713,67427.0,-0.0,0.00027623084218584773,8
1Yj5Xey7kTwvZla8sqdsdE,Cris Mj,1,1,0,0.0,0.0,0.0036510741393414713,5308093.0,-0.0,0.00027623084218584773,8
4IndUOBCZYZg61557iq2A9,Maldy,1,1,0,0.0,0.0,0.004000676113473387,148705.0,-0.0,0.00022193259719509724,8
11usEAQkFE6UJwsyAKkchi,Caleb Calloway,1,1,0,0.0,0.0,0.004000676113473387,29694.0,-0.0,0.00022193259719509724,8
2GAntPIbrC47uOoCNVnDPG,Oliver Kid,1,1,0,0.0,0.0,0.004000676113473387,3909.0,-0.0,0.00022193259719509724,8
6ddcxDK0BEkhe5LCdoA5Ki,Nickzzy,1,1,0,0.0,0.0,0.003760324756257695,142357.0,-0.0,0.00021200572406235513,32
6HCBnyTBSLdb3TFn2ayulY,,1,1,0,0.0,0.0,0.0038260785731127744,,-0.0,0.00036903348859057534,24
1mcTU81TzQhprhouKaTkpq,Rauw Alejandro,1,1,0,0.0,0.0,0.0036510741393414713,26766596.0,-0.0,0.00027623084218584773,8
3qndygm4Vx7bEW8tNyDKSY,,1,1,0,0.0,0.0,0.0036510741393414713,,-0.0,0.0003443819124731239,8
5Yo5iU2nf4H41waPl4ZnS1,,1,1,0,0.0,0.0,0.0038731156220843535,,-0.0,0.00030646094914770725,29
60ZOYUFnCYEeKYsxgvPxOS,,1,1,0,0.0,0.0,0.003789840235835588,,-0.0,0.0005876882112830289,24
5MraexJKZDrQYzS98kNwie,Sevdaliza,1,1,0,0.0,0.0,0.0036690401952425037,805712.0,-0.0,0.0016713185517937882,1
0LKAV3zJ8a8AIGnyc5OvfB,,1,1,0,0.0,0.0,0.0038260785731127744,,-0.0,0.00036903348859057534,24
2s7fZ34RK8RUJQ2ewsh6I5,,1,1,0,0.0,0.0,0.003840386666487847,,-0.0,0.0007263987760543206,24
6Pr9pssRV0tD0jdh2Z84td,,1,1,0,0.0,0.0,0.0036317704846900384,,-0.0,0.00031587685044604517,24
3IW7ScrzXmPvZhB27hmfgy,,1,1,0,0.0,0.0,0.0036317704846900384,,-0.0,0.00031587685044604517,24
66ArjpKRgw8vYBf9yhktto,,1,1,0,0.0,0.0,0.003723162845527768,,-0.0,0.00046615980513005335,20
77iZVjeYoYSl5P0K9mIiUE,,1,1,0,0.0,0.0,0.00352327981898151,,-0.0,0.0050317465563553335,7
20JMfmzDb5cjHxEoMXXMyY,,1,1,0,0.0,0.0,0.003929758593964744,,-0.0,0.00036594832294099935,24
3J7r4VsNmuWixU0nXvyPd8,,1,1,0,0.0,0.0,0.003929758593964744,,-0.0,0.00036594832294099935,24
3DCWeG2J1fZeu0Oe6i5Q6m,,1,1,0,0.0,0.0,0.003929758593964744,,-0.0,0.00036594832294099935,24
0jIWKlfmD4Ew7HeVVrq03g,Elyanna,1,1,0,0.0,0.0,0.003715601003099052,274198.0,-0.0,0.001801078975671589,0
0adJG3bdFTHCkTY28NkY4u,,1,1,0,0.0,0.0,0.003723162845527768,,-0.0,0.00046615980513005335,20
19HM5j0ULGSmEoRcrSe5x3,Milo j,1,1,0,0.0,0.0,0.003715601003099052,6379239.0,-0.0,0.001801078975671589,0
4gzpq5DPGxSnKTe4SA8HAU,Coldplay,1,1,0,0.0,0.0,0.003715601003099052,56931584.0,-0.0,0.001801078975671589,0
6eXZu6O7nAUA5z6vLV8NKI,Little Simz,1,1,0,0.0,0.0,0.003715601003099052,1128334.0,-0.0,0.001801078975671589,0
3wcj11K77LjEY1PkEazffa,Burna Boy,1,1,0,0.0,0.0,0.003715601003099052,11644009.0,-0.0,0.001801078975671589,0
4axKuDPr6WKcDCyh8vueTY,Luar La L,1,1,0,0.0,0.0,0.0036690401952425037,1974029.0,-0.0,0.0016713185517937882,1
4zOhMWD0LoBe2nP7s9cHhX,Joyce Santana,1,1,0,0.0,0.0,0.0036690401952425037,173763.0,-0.0,0.0016713185517937882,1
3qsKSpcV3ncke3hw52JSMB,Young Miko,1,1,0,0.0,0.0,0.0036690401952425037,3682917.0,-0.0,0.0016713185517937882,1
31VFEohvhOUKrtAONEBhMG,Kenia OS,1,1,0,0.0,0.0,0.0036690401952425037,5999882.0,-0.0,0.0016713185517937882,1
2p4aN0Uxkk3iT3HK0cJ2cJ,Tokischa,1,1,0,0.0,0.0,0.0036690401952425037,1424135.0,-0.0,0.0016713185517937882,1
3PiYQOpQ27ZQA4xRQqB7tE,Nesim Najih,0,0,0,0.0,0.0,0.0033597391608982084,8519.0,-0.0,-0.0,2
1S5WLkcajugOGAx0DfVyIf,ACM Awards New Artist Nominees,0,0,0,0.0,0.0,0.0033597391608982084,729.0,-0.0,-0.0,31
6d4jrmreCmsenscuieJERc,The Band CAMINO,0,0,0,0.0,0.0,0.0033597391608982084,404847.0,-0.0,-0.0,30
0elWFr7TW8piilVRYJUe4P,Natanael Cano,0,0,0,0.0,0.0,0.0033597391608982084,18090181.0,-0.0,-0.0,28
4AGwPDdh1y8hochNzHy5HC,RAC,0,0,0,0.0,0.0,0.0033597391608982084,169161.0,-0.0,-0.0,33
0WjcdSKSTiNtfM4uQDIPDm,Artists for Haiti,0,0,0,0.0,0.0,0.0033597391608982084,5527.0,-0.0,-0.0,34
6wwhO5PsicwoD7VyCRQakr,Les Artistes Maajabu,0,0,0,0.0,0.0,0.0033597391608982084,20237.0,-0.0,-0.0,35
5BuWpYnKO5UvKRsppHME2o,Unknown Artist LTG,0,0,0,0.0,0.0,0.0033597391608982084,115.0,-0.0,-0.0,36
4MoCPQEZqegox8Ng6SUGrb,PM Artist Sessions Project,0,0,0,0.0,0.0,0.0033597391608982084,667.0,-0.0,-0.0,37
4wAqlYtTaaHELEgyCh9KjG,FAVE,0,0,0,0.0,0.0,0.0033597391608982084,869796.0,-0.0,-0.0,25
6Lison90Nuv6paiGTrTqRl,Rich Kalashh,0,0,0,0.0,0.0,0.0033597391608982084,51504.0,-0.0,-0.0,26
6V394G6torkxVfqL39qEgK,All Artist Adella,0,0,0,0.0,0.0,0.0033597391608982084,576.0,-0.0,-0.0,23
5lbM4g6bhxjNX7R5QHP2nD,Xavier Rudd,0,0,0,0.0,0.0,0.0033597391608982084,777170.0,-0.0,-0.0,18
1Yk912s46hRDu0aEvLG8WO,New Artist Spotlight,0,0,0,0.0,0.0,0.0033597391608982084,3349.0,-0.0,-0.0,19
4u45IgUkhkBn4KXHnuiXvm,Artist Joe Smith,0,0,0,0.0,0.0,0.0033597391608982084,286.0,-0.0,-0.0,21
3064mDVay7KaKF8TyuD8kw,Nachtdienst,0,0,0,0.0,0.0,0.0033597391608982084,6887.0,-0.0,-0.0,22
4YgUVg4p7xtMOrOS4GjiJZ,Jatin-Lalit,0,0,0,0.0,0.0,0.0033597391608982084,397046.0,-0.0,-0.0,16
4nDoRrQiYLoBzwC5BhVJzF,Camila Cabello,0,0,0,0.0,0.0,0.0033597391608982084,34631150.0,-0.0,-0.0,17
2hRgsNuAo7lhUqmrl25WD5,The Artist Ren,0,0,0,0.0,0.0,0.0033597391608982084,1400.0,-0.0,-0.0,15
7f02bxFbZIOVdSbYRNYvLT,Jerry Di,0,0,0,0.0,0.0,0.0033597391608982084,392038.0,-0.0,-0.0,11
1TfSVLC8KtuIo6uWNqCbqU,Artist Moon,0,0,0,0.0,0.0,0.0033597391608982084,180.0,-0.0,-0.0,12
1wZtkThiXbVNtj6hee6dz9,Wisin & Yandel,0,0,0,0.0,0.0,0.0033597391608982084,8231601.0,-0.0,-0.0,10
4L9VftgkqPPV0KXjzM0SIh,artistbasm,0,0,0,0.0,0.0,0.0033597391608982084,460.0,-0.0,-0.0,5
7xkAwz0bQTGDSbkofyQt3U,Belinda Carlisle,0,0,0,0.0,0.0,0.0033597391608982084,915888.0,-0.0,-0.0,6
1tRu0E7lS9rf0DXRwcCNEX,Artist.Zm,0,0,0,0.0,0.0,0.0033597391608982084,32.0,-0.0,-0.0,9
6gjAbs229sNHhSskJpQ2mG,Artist Unknown,0,0,0,0.0,0.0,0.0033597391608982084,990.0,-0.0,-0.0,4
